{
  "dummy": 0.6161616161616161,
  "lr": 0.8372615039281706,
  "knn": 0.8148148148148148,
  "tree": 0.8249158249158249,
  "rf": 0.8383838383838383,
  "lgbm": 0.8417508417508418,
  "xgb": 0.8484848484848485,
  "cb": 0.8417508417508418,
  "nn": 0.8215488215488216,
  "Averaging": 0.8361391694725028,
  "Stacking": 0.8395016006528152
}